Metric,Value
Accuracy,0.8866995073891626
Precision,0.8901467454475009
Recall,0.8866995073891626
F1-Score,0.8869020838132569
ROC-AUC,0.9703051683149586
Best Baseline,0.8620689655172413
Improvement (%),-15.763546798029559
CV Mean,0.8643490115882754
CV Std,0.016215390649012982
Fuzzy Correlation,0.2978329864722709
Regional Fairness (std),0.07659279968956424
